,V1,V2,mean,variance
1,0.10536,0,0.047784,0.000000
2,0.10536,0.1,0.054335,0.000000
3,0.10536,0.2,0.061497,0.000000
4,0.10536,0.3,0.069290,0.000000
5,0.10536,0.4,0.077729,0.000000
6,0.10536,0.5,0.086827,0.000000
7,0.10536,0.6,0.096591,0.000000
8,0.10536,0.7,0.107021,0.000000
9,0.10536,0.8,0.118114,0.000000
10,0.10536,0.9,0.129861,0.000000
11,0.10536,1,0.142247,0.000001
12,0.10536,1.1,0.155251,0.000001
13,0.10536,1.2,0.168847,0.000001
14,0.10536,1.3,0.183003,0.000001
15,0.10536,1.4,0.197683,0.000001
16,0.10536,1.5,0.212847,0.000001
17,0.10536,1.6,0.228448,0.000002
18,0.10536,1.7,0.244441,0.000002
19,0.10536,1.8,0.260775,0.000002
20,0.10536,1.9,0.277398,0.000003
21,0.10536,2,0.294257,0.000003
22,0.10536,2.1,0.311300,0.000003
23,0.10536,2.2,0.328474,0.000004
24,0.10536,2.3,0.345729,0.000004
25,0.10536,2.4,0.363016,0.000004
26,0.10536,2.5,0.380286,0.000005
27,0.10536,2.6,0.397497,0.000005
28,0.10536,2.7,0.414607,0.000005
29,0.10536,2.8,0.431579,0.000006
30,0.10536,2.9,0.448378,0.000006
31,0.10536,3,0.464975,0.000006
32,0.10536,3.1,0.481340,0.000006
33,0.10536,3.2,0.497452,0.000007
34,0.10536,3.3,0.513290,0.000007
35,0.10536,3.4,0.528837,0.000007
36,0.10536,3.5,0.544078,0.000007
37,0.10536,3.6,0.559003,0.000007
38,0.10536,3.7,0.573601,0.000008
39,0.10536,3.8,0.587866,0.000008
40,0.10536,3.9,0.601793,0.000008
41,0.10536,4,0.615377,0.000008
42,0.22314,0,0.047112,0.000000
43,0.22314,0.1,0.053509,0.000000
44,0.22314,0.2,0.060495,0.000000
45,0.22314,0.3,0.068090,0.000000
46,0.22314,0.4,0.076308,0.000000
47,0.22314,0.5,0.085161,0.000000
48,0.22314,0.6,0.094655,0.000000
49,0.22314,0.7,0.104792,0.000000
50,0.22314,0.8,0.115567,0.000000
51,0.22314,0.9,0.126973,0.000000
52,0.22314,1,0.138995,0.000001
53,0.22314,1.1,0.151613,0.000001
54,0.22314,1.2,0.164803,0.000001
55,0.22314,1.3,0.178536,0.000001
56,0.22314,1.4,0.192776,0.000001
57,0.22314,1.5,0.207486,0.000002
58,0.22314,1.6,0.222624,0.000002
59,0.22314,1.7,0.238145,0.000002
60,0.22314,1.8,0.254001,0.000002
61,0.22314,1.9,0.270144,0.000003
62,0.22314,2,0.286524,0.000003
63,0.22314,2.1,0.303092,0.000003
64,0.22314,2.2,0.319797,0.000004
65,0.22314,2.3,0.336592,0.000004
66,0.22314,2.4,0.353431,0.000005
67,0.22314,2.5,0.370268,0.000005
68,0.22314,2.6,0.387062,0.000005
69,0.22314,2.7,0.403773,0.000006
70,0.22314,2.8,0.420367,0.000006
71,0.22314,2.9,0.436809,0.000006
72,0.22314,3,0.453071,0.000007
73,0.22314,3.1,0.469127,0.000007
74,0.22314,3.2,0.484953,0.000007
75,0.22314,3.3,0.500530,0.000007
76,0.22314,3.4,0.515841,0.000008
77,0.22314,3.5,0.530872,0.000008
78,0.22314,3.6,0.545611,0.000008
79,0.22314,3.7,0.560048,0.000008
80,0.22314,3.8,0.574177,0.000008
81,0.22314,3.9,0.587991,0.000008
82,0.22314,4,0.601485,0.000009
83,0.35667,0,0.046426,0.000000
84,0.35667,0.1,0.052666,0.000000
85,0.35667,0.2,0.059474,0.000000
86,0.35667,0.3,0.066869,0.000000
87,0.35667,0.4,0.074865,0.000000
88,0.35667,0.5,0.083472,0.000000
89,0.35667,0.6,0.092695,0.000000
90,0.35667,0.7,0.102537,0.000000
91,0.35667,0.8,0.112995,0.000000
92,0.35667,0.9,0.124060,0.000000
93,0.35667,1,0.135718,0.000001
94,0.35667,1.1,0.147953,0.000001
95,0.35667,1.2,0.160739,0.000001
96,0.35667,1.3,0.174051,0.000001
97,0.35667,1.4,0.187855,0.000001
98,0.35667,1.5,0.202115,0.000002
99,0.35667,1.6,0.216793,0.000002
100,0.35667,1.7,0.231845,0.000002
101,0.35667,1.8,0.247228,0.000003
102,0.35667,1.9,0.262896,0.000003
103,0.35667,2,0.278801,0.000003
104,0.35667,2.1,0.294898,0.000004
105,0.35667,2.2,0.311138,0.000004
106,0.35667,2.3,0.327477,0.000004
107,0.35667,2.4,0.343870,0.000005
108,0.35667,2.5,0.360275,0.000005
109,0.35667,2.6,0.376653,0.000006
110,0.35667,2.7,0.392966,0.000006
111,0.35667,2.8,0.409180,0.000006
112,0.35667,2.9,0.425263,0.000007
113,0.35667,3,0.441188,0.000007
114,0.35667,3.1,0.456929,0.000007
115,0.35667,3.2,0.472464,0.000008
116,0.35667,3.3,0.487774,0.000008
117,0.35667,3.4,0.502842,0.000008
118,0.35667,3.5,0.517653,0.000009
119,0.35667,3.6,0.532197,0.000009
120,0.35667,3.7,0.546463,0.000009
121,0.35667,3.8,0.560444,0.000009
122,0.35667,3.9,0.574132,0.000009
123,0.35667,4,0.587522,0.000009
124,0.40228,0,0.046208,0.000000
125,0.40228,0.1,0.052399,0.000000
126,0.40228,0.2,0.059152,0.000000
127,0.40228,0.3,0.066484,0.000000
128,0.40228,0.4,0.074409,0.000000
129,0.40228,0.5,0.082939,0.000000
130,0.40228,0.6,0.092078,0.000000
131,0.40228,0.7,0.101828,0.000000
132,0.40228,0.8,0.112186,0.000000
133,0.40228,0.9,0.123145,0.000000
134,0.40228,1,0.134690,0.000001
135,0.40228,1.1,0.146805,0.000001
136,0.40228,1.2,0.159466,0.000001
137,0.40228,1.3,0.172647,0.000001
138,0.40228,1.4,0.186315,0.000001
139,0.40228,1.5,0.200436,0.000002
140,0.40228,1.6,0.214971,0.000002
141,0.40228,1.7,0.229879,0.000002
142,0.40228,1.8,0.245115,0.000003
143,0.40228,1.9,0.260636,0.000003
144,0.40228,2,0.276394,0.000003
145,0.40228,2.1,0.292344,0.000004
146,0.40228,2.2,0.308440,0.000004
147,0.40228,2.3,0.324637,0.000005
148,0.40228,2.4,0.340892,0.000005
149,0.40228,2.5,0.357164,0.000005
150,0.40228,2.6,0.373412,0.000006
151,0.40228,2.7,0.389601,0.000006
152,0.40228,2.8,0.405697,0.000007
153,0.40228,2.9,0.421669,0.000007
154,0.40228,3,0.437488,0.000007
155,0.40228,3.1,0.453131,0.000008
156,0.40228,3.2,0.468574,0.000008
157,0.40228,3.3,0.483800,0.000008
158,0.40228,3.4,0.498791,0.000009
159,0.40228,3.5,0.513533,0.000009
160,0.40228,3.6,0.528015,0.000009
161,0.40228,3.7,0.542226,0.000009
162,0.40228,3.8,0.556158,0.000009
163,0.40228,3.9,0.569805,0.000010
164,0.40228,4,0.583160,0.000010
165,0.62542,0,0.045255,0.000000
166,0.62542,0.1,0.051231,0.000000
167,0.62542,0.2,0.057742,0.000000
168,0.62542,0.3,0.064803,0.000000
169,0.62542,0.4,0.072426,0.000000
170,0.62542,0.5,0.080622,0.000000
171,0.62542,0.6,0.089397,0.000000
172,0.62542,0.7,0.098752,0.000000
173,0.62542,0.8,0.108685,0.000000
174,0.62542,0.9,0.119188,0.000001
175,0.62542,1,0.130249,0.000001
176,0.62542,1.1,0.141854,0.000001
177,0.62542,1.2,0.153980,0.000001
178,0.62542,1.3,0.166604,0.000001
179,0.62542,1.4,0.179696,0.000002
180,0.62542,1.5,0.193224,0.000002
181,0.62542,1.6,0.207154,0.000002
182,0.62542,1.7,0.221446,0.000002
183,0.62542,1.8,0.236061,0.000003
184,0.62542,1.9,0.250958,0.000003
185,0.62542,2,0.266094,0.000004
186,0.62542,2.1,0.281426,0.000004
187,0.62542,2.2,0.296913,0.000005
188,0.62542,2.3,0.312512,0.000005
189,0.62542,2.4,0.328183,0.000006
190,0.62542,2.5,0.343887,0.000006
191,0.62542,2.6,0.359589,0.000007
192,0.62542,2.7,0.375253,0.000007
193,0.62542,2.8,0.390848,0.000008
194,0.62542,2.9,0.406344,0.000008
195,0.62542,3,0.421716,0.000008
196,0.62542,3.1,0.436939,0.000009
197,0.62542,3.2,0.451993,0.000009
198,0.62542,3.3,0.466858,0.000010
199,0.62542,3.4,0.481519,0.000010
200,0.62542,3.5,0.495961,0.000010
201,0.62542,3.6,0.510173,0.000011
202,0.62542,3.7,0.524144,0.000011
203,0.62542,3.8,0.537865,0.000011
204,0.62542,3.9,0.551329,0.000011
205,0.62542,4,0.564528,0.000012
206,0.91311,0,0.044264,0.000000
207,0.91311,0.1,0.050021,0.000000
208,0.91311,0.2,0.056284,0.000000
209,0.91311,0.3,0.063068,0.000000
210,0.91311,0.4,0.070385,0.000000
211,0.91311,0.5,0.078244,0.000000
212,0.91311,0.6,0.086652,0.000000
213,0.91311,0.7,0.095609,0.000000
214,0.91311,0.8,0.105115,0.000000
215,0.91311,0.9,0.115163,0.000001
216,0.91311,1,0.125743,0.000001
217,0.91311,1.1,0.136840,0.000001
218,0.91311,1.2,0.148437,0.000001
219,0.91311,1.3,0.160510,0.000001
220,0.91311,1.4,0.173035,0.000002
221,0.91311,1.5,0.185981,0.000002
222,0.91311,1.6,0.199316,0.000003
223,0.91311,1.7,0.213007,0.000003
224,0.91311,1.8,0.227015,0.000003
225,0.91311,1.9,0.241304,0.000004
226,0.91311,2,0.255835,0.000004
227,0.91311,2.1,0.270567,0.000005
228,0.91311,2.2,0.285462,0.000006
229,0.91311,2.3,0.300481,0.000006
230,0.91311,2.4,0.315588,0.000007
231,0.91311,2.5,0.330744,0.000007
232,0.91311,2.6,0.345917,0.000008
233,0.91311,2.7,0.361075,0.000009
234,0.91311,2.8,0.376186,0.000009
235,0.91311,2.9,0.391224,0.000010
236,0.91311,3,0.406163,0.000010
237,0.91311,3.1,0.420981,0.000011
238,0.91311,3.2,0.435657,0.000011
239,0.91311,3.3,0.450173,0.000012
240,0.91311,3.4,0.464513,0.000012
241,0.91311,3.5,0.478663,0.000013
242,0.91311,3.6,0.492611,0.000013
243,0.91311,3.7,0.506345,0.000014
244,0.91311,3.8,0.519857,0.000014
245,0.91311,3.9,0.533138,0.000014
246,0.91311,4,0.546179,0.000015
247,1.3186,0,0.043227,0.000000
248,1.3186,0.1,0.048759,0.000000
249,1.3186,0.2,0.054768,0.000000
250,1.3186,0.3,0.061270,0.000000
251,1.3186,0.4,0.068275,0.000000
252,1.3186,0.5,0.075793,0.000000
253,1.3186,0.6,0.083829,0.000000
254,1.3186,0.7,0.092387,0.000000
255,1.3186,0.8,0.101465,0.000001
256,1.3186,0.9,0.111059,0.000001
257,1.3186,1,0.121159,0.000001
258,1.3186,1.1,0.131754,0.000001
259,1.3186,1.2,0.142827,0.000002
260,1.3186,1.3,0.154358,0.000002
261,1.3186,1.4,0.166326,0.000002
262,1.3186,1.5,0.178703,0.000003
263,1.3186,1.6,0.191460,0.000003
264,1.3186,1.7,0.204567,0.000004
265,1.3186,1.8,0.217989,0.000005
266,1.3186,1.9,0.231693,0.000005
267,1.3186,2,0.245642,0.000006
268,1.3186,2.1,0.259801,0.000007
269,1.3186,2.2,0.274132,0.000007
270,1.3186,2.3,0.288601,0.000008
271,1.3186,2.4,0.303173,0.000009
272,1.3186,2.5,0.317813,0.000010
273,1.3186,2.6,0.332489,0.000011
274,1.3186,2.7,0.347172,0.000012
275,1.3186,2.8,0.361832,0.000013
276,1.3186,2.9,0.376443,0.000013
277,1.3186,3,0.390982,0.000014
278,1.3186,3.1,0.405425,0.000015
279,1.3186,3.2,0.419753,0.000016
280,1.3186,3.3,0.433949,0.000017
281,1.3186,3.4,0.447995,0.000017
282,1.3186,3.5,0.461879,0.000018
283,1.3186,3.6,0.475586,0.000019
284,1.3186,3.7,0.489107,0.000019
285,1.3186,3.8,0.502430,0.000020
286,1.3186,3.9,0.515545,0.000020
287,1.3186,4,0.528445,0.000021
288,2.0117,0,0.042141,0.000000
289,2.0117,0.1,0.047440,0.000000
290,2.0117,0.2,0.053190,0.000000
291,2.0117,0.3,0.059403,0.000000
292,2.0117,0.4,0.066091,0.000000
293,2.0117,0.5,0.073264,0.000000
294,2.0117,0.6,0.080927,0.000001
295,2.0117,0.7,0.089084,0.000001
296,2.0117,0.8,0.097735,0.000001
297,2.0117,0.9,0.106877,0.000001
298,2.0117,1,0.116503,0.000002
299,2.0117,1.1,0.126602,0.000002
300,2.0117,1.2,0.137162,0.000003
301,2.0117,1.3,0.148165,0.000003
302,2.0117,1.4,0.159591,0.000004
303,2.0117,1.5,0.171418,0.000005
304,2.0117,1.6,0.183619,0.000006
305,2.0117,1.7,0.196167,0.000007
306,2.0117,1.8,0.209031,0.000008
307,2.0117,1.9,0.222181,0.000009
308,2.0117,2,0.235583,0.000010
309,2.0117,2.1,0.249205,0.000012
310,2.0117,2.2,0.263012,0.000013
311,2.0117,2.3,0.276972,0.000015
312,2.0117,2.4,0.291053,0.000016
313,2.0117,2.5,0.305222,0.000018
314,2.0117,2.6,0.319448,0.000020
315,2.0117,2.7,0.333704,0.000021
316,2.0117,2.8,0.347962,0.000023
317,2.0117,2.9,0.362195,0.000025
318,2.0117,3,0.376382,0.000026
319,2.0117,3.1,0.390499,0.000028
320,2.0117,3.2,0.404528,0.000029
321,2.0117,3.3,0.418450,0.000031
322,2.0117,3.4,0.432249,0.000032
323,2.0117,3.5,0.445911,0.000034
324,2.0117,3.6,0.459422,0.000035
325,2.0117,3.7,0.472770,0.000037
326,2.0117,3.8,0.485943,0.000038
327,2.0117,3.9,0.498931,0.000039
328,2.0117,4,0.511723,0.000040
329,2.1171,0,0.042030,0.000000
330,2.1171,0.1,0.047306,0.000000
331,2.1171,0.2,0.053029,0.000000
332,2.1171,0.3,0.059213,0.000000
333,2.1171,0.4,0.065870,0.000000
334,2.1171,0.5,0.073008,0.000000
335,2.1171,0.6,0.080634,0.000001
336,2.1171,0.7,0.088751,0.000001
337,2.1171,0.8,0.097360,0.000001
338,2.1171,0.9,0.106457,0.000002
339,2.1171,1,0.116036,0.000002
340,2.1171,1.1,0.126087,0.000002
341,2.1171,1.2,0.136596,0.000003
342,2.1171,1.3,0.147547,0.000004
343,2.1171,1.4,0.158921,0.000004
344,2.1171,1.5,0.170694,0.000005
345,2.1171,1.6,0.182841,0.000006
346,2.1171,1.7,0.195334,0.000007
347,2.1171,1.8,0.208144,0.000009
348,2.1171,1.9,0.221241,0.000010
349,2.1171,2,0.234590,0.000011
350,2.1171,2.1,0.248160,0.000013
351,2.1171,2.2,0.261917,0.000015
352,2.1171,2.3,0.275829,0.000016
353,2.1171,2.4,0.289863,0.000018
354,2.1171,2.5,0.303987,0.000020
355,2.1171,2.6,0.318172,0.000022
356,2.1171,2.7,0.332387,0.000023
357,2.1171,2.8,0.346607,0.000025
358,2.1171,2.9,0.360806,0.000027
359,2.1171,3,0.374960,0.000029
360,2.1171,3.1,0.389047,0.000031
361,2.1171,3.2,0.403049,0.000032
362,2.1171,3.3,0.416946,0.000034
363,2.1171,3.4,0.430723,0.000036
364,2.1171,3.5,0.444364,0.000037
365,2.1171,3.6,0.457858,0.000039
366,2.1171,3.7,0.471190,0.000040
367,2.1171,3.8,0.484350,0.000042
368,2.1171,3.9,0.497327,0.000043
369,2.1171,4,0.510111,0.000044
370,2.2349,0,0.041918,0.000000
371,2.2349,0.1,0.047171,0.000000
372,2.2349,0.2,0.052868,0.000000
373,2.2349,0.3,0.059023,0.000000
374,2.2349,0.4,0.065648,0.000000
375,2.2349,0.5,0.072752,0.000001
376,2.2349,0.6,0.080341,0.000001
377,2.2349,0.7,0.088419,0.000001
378,2.2349,0.8,0.096985,0.000001
379,2.2349,0.9,0.106038,0.000002
380,2.2349,1,0.115570,0.000002
381,2.2349,1.1,0.125572,0.000003
382,2.2349,1.2,0.136031,0.000003
383,2.2349,1.3,0.146931,0.000004
384,2.2349,1.4,0.158252,0.000005
385,2.2349,1.5,0.169971,0.000006
386,2.2349,1.6,0.182065,0.000007
387,2.2349,1.7,0.194504,0.000008
388,2.2349,1.8,0.207261,0.000010
389,2.2349,1.9,0.220304,0.000011
390,2.2349,2,0.233601,0.000013
391,2.2349,2.1,0.247120,0.000014
392,2.2349,2.2,0.260828,0.000016
393,2.2349,2.3,0.274691,0.000018
394,2.2349,2.4,0.288679,0.000020
395,2.2349,2.5,0.302759,0.000022
396,2.2349,2.6,0.316901,0.000024
397,2.2349,2.7,0.331077,0.000026
398,2.2349,2.8,0.345260,0.000028
399,2.2349,2.9,0.359423,0.000030
400,2.2349,3,0.373545,0.000032
401,2.2349,3.1,0.387602,0.000034
402,2.2349,3.2,0.401576,0.000036
403,2.2349,3.3,0.415449,0.000038
404,2.2349,3.4,0.429203,0.000040
405,2.2349,3.5,0.442825,0.000042
406,2.2349,3.6,0.456301,0.000044
407,2.2349,3.7,0.469618,0.000045
408,2.2349,3.8,0.482765,0.000047
409,2.2349,3.9,0.495731,0.000048
410,2.2349,4,0.508505,0.000049
411,2.3684,0,0.041807,0.000000
412,2.3684,0.1,0.047036,0.000000
413,2.3684,0.2,0.052707,0.000000
414,2.3684,0.3,0.058834,0.000000
415,2.3684,0.4,0.065427,0.000000
416,2.3684,0.5,0.072497,0.000001
417,2.3684,0.6,0.080049,0.000001
418,2.3684,0.7,0.088087,0.000001
419,2.3684,0.8,0.096612,0.000001
420,2.3684,0.9,0.105620,0.000002
421,2.3684,1,0.115106,0.000002
422,2.3684,1.1,0.125060,0.000003
423,2.3684,1.2,0.135469,0.000004
424,2.3684,1.3,0.146317,0.000005
425,2.3684,1.4,0.157586,0.000006
426,2.3684,1.5,0.169252,0.000007
427,2.3684,1.6,0.181292,0.000008
428,2.3684,1.7,0.193678,0.000009
429,2.3684,1.8,0.206382,0.000011
430,2.3684,1.9,0.219372,0.000013
431,2.3684,2,0.232617,0.000014
432,2.3684,2.1,0.246085,0.000016
433,2.3684,2.2,0.259743,0.000018
434,2.3684,2.3,0.273559,0.000020
435,2.3684,2.4,0.287501,0.000023
436,2.3684,2.5,0.301536,0.000025
437,2.3684,2.6,0.315637,0.000027
438,2.3684,2.7,0.329773,0.000029
439,2.3684,2.8,0.343918,0.000032
440,2.3684,2.9,0.358047,0.000034
441,2.3684,3,0.372136,0.000037
442,2.3684,3.1,0.386164,0.000039
443,2.3684,3.2,0.400110,0.000041
444,2.3684,3.3,0.413958,0.000043
445,2.3684,3.4,0.427690,0.000045
446,2.3684,3.5,0.441292,0.000048
447,2.3684,3.6,0.454749,0.000049
448,2.3684,3.7,0.468051,0.000051
449,2.3684,3.8,0.481184,0.000053
450,2.3684,3.9,0.494139,0.000055
451,2.3684,4,0.506904,0.000056
452,2.5225,0,0.041695,0.000000
453,2.5225,0.1,0.046901,0.000000
454,2.5225,0.2,0.052546,0.000000
455,2.5225,0.3,0.058645,0.000000
456,2.5225,0.4,0.065207,0.000001
457,2.5225,0.5,0.072243,0.000001
458,2.5225,0.6,0.079758,0.000001
459,2.5225,0.7,0.087757,0.000001
460,2.5225,0.8,0.096240,0.000002
461,2.5225,0.9,0.105204,0.000002
462,2.5225,1,0.114644,0.000003
463,2.5225,1.1,0.124550,0.000003
464,2.5225,1.2,0.134909,0.000004
465,2.5225,1.3,0.145707,0.000005
466,2.5225,1.4,0.156924,0.000006
467,2.5225,1.5,0.168538,0.000008
468,2.5225,1.6,0.180524,0.000009
469,2.5225,1.7,0.192857,0.000011
470,2.5225,1.8,0.205508,0.000012
471,2.5225,1.9,0.218445,0.000014
472,2.5225,2,0.231639,0.000016
473,2.5225,2.1,0.245056,0.000019
474,2.5225,2.2,0.258665,0.000021
475,2.5225,2.3,0.272433,0.000023
476,2.5225,2.4,0.286328,0.000026
477,2.5225,2.5,0.300320,0.000029
478,2.5225,2.6,0.314379,0.000031
479,2.5225,2.7,0.328475,0.000034
480,2.5225,2.8,0.342583,0.000037
481,2.5225,2.9,0.356676,0.000040
482,2.5225,3,0.370733,0.000042
483,2.5225,3.1,0.384730,0.000045
484,2.5225,3.2,0.398649,0.000048
485,2.5225,3.3,0.412471,0.000050
486,2.5225,3.4,0.426179,0.000053
487,2.5225,3.5,0.439760,0.000055
488,2.5225,3.6,0.453200,0.000057
489,2.5225,3.7,0.466485,0.000060
490,2.5225,3.8,0.479604,0.000062
491,2.5225,3.9,0.492546,0.000063
492,2.5225,4,0.505301,0.000065
493,2.7049,0,0.041584,0.000000
494,2.7049,0.1,0.046767,0.000000
495,2.7049,0.2,0.052386,0.000000
496,2.7049,0.3,0.058456,0.000000
497,2.7049,0.4,0.064987,0.000001
498,2.7049,0.5,0.071989,0.000001
499,2.7049,0.6,0.079468,0.000001
500,2.7049,0.7,0.087428,0.000001
501,2.7049,0.8,0.095870,0.000002
502,2.7049,0.9,0.104791,0.000003
503,2.7049,1,0.114185,0.000003
504,2.7049,1.1,0.124043,0.000004
505,2.7049,1.2,0.134354,0.000005
506,2.7049,1.3,0.145101,0.000006
507,2.7049,1.4,0.156266,0.000008
508,2.7049,1.5,0.167828,0.000009
509,2.7049,1.6,0.179762,0.000011
510,2.7049,1.7,0.192042,0.000013
511,2.7049,1.8,0.204640,0.000015
512,2.7049,1.9,0.217525,0.000017
513,2.7049,2,0.230667,0.000019
514,2.7049,2.1,0.244034,0.000022
515,2.7049,2.2,0.257593,0.000025
516,2.7049,2.3,0.271314,0.000028
517,2.7049,2.4,0.285163,0.000031
518,2.7049,2.5,0.299110,0.000034
519,2.7049,2.6,0.313126,0.000037
520,2.7049,2.7,0.327182,0.000040
521,2.7049,2.8,0.341252,0.000044
522,2.7049,2.9,0.355310,0.000047
523,2.7049,3,0.369332,0.000050
524,2.7049,3.1,0.383298,0.000054
525,2.7049,3.2,0.397188,0.000057
526,2.7049,3.3,0.410983,0.000060
527,2.7049,3.4,0.424668,0.000063
528,2.7049,3.5,0.438227,0.000066
529,2.7049,3.6,0.451646,0.000068
530,2.7049,3.7,0.464913,0.000071
531,2.7049,3.8,0.478017,0.000073
532,2.7049,3.9,0.490946,0.000076
533,2.7049,4,0.503688,0.000078
534,2.928,0,0.041473,0.000000
535,2.928,0.1,0.046633,0.000000
536,2.928,0.2,0.052227,0.000000
537,2.928,0.3,0.058269,0.000001
538,2.928,0.4,0.064769,0.000001
539,2.928,0.5,0.071738,0.000001
540,2.928,0.6,0.079182,0.000001
541,2.928,0.7,0.087103,0.000002
542,2.928,0.8,0.095504,0.000002
543,2.928,0.9,0.104382,0.000003
544,2.928,1,0.113732,0.000004
545,2.928,1.1,0.123543,0.000005
546,2.928,1.2,0.133806,0.000006
547,2.928,1.3,0.144503,0.000008
548,2.928,1.4,0.155618,0.000009
549,2.928,1.5,0.167128,0.000011
550,2.928,1.6,0.179010,0.000013
551,2.928,1.7,0.191237,0.000016
552,2.928,1.8,0.203783,0.000018
553,2.928,1.9,0.216616,0.000021
554,2.928,2,0.229706,0.000024
555,2.928,2.1,0.243023,0.000027
556,2.928,2.2,0.256533,0.000031
557,2.928,2.3,0.270205,0.000034
558,2.928,2.4,0.284007,0.000038
559,2.928,2.5,0.297910,0.000042
560,2.928,2.6,0.311883,0.000046
561,2.928,2.7,0.325898,0.000050
562,2.928,2.8,0.339928,0.000054
563,2.928,2.9,0.353949,0.000058
564,2.928,3,0.367936,0.000062
565,2.928,3.1,0.381870,0.000066
566,2.928,3.2,0.395729,0.000070
567,2.928,3.3,0.409496,0.000074
568,2.928,3.4,0.423154,0.000078
569,2.928,3.5,0.436689,0.000082
570,2.928,3.6,0.450086,0.000085
571,2.928,3.7,0.463334,0.000088
572,2.928,3.8,0.476419,0.000091
573,2.928,3.9,0.489332,0.000094
574,2.928,4,0.502061,0.000097
575,3.2157,0,0.041362,0.000000
576,3.2157,0.1,0.046500,0.000000
577,3.2157,0.2,0.052069,0.000000
578,3.2157,0.3,0.058083,0.000001
579,3.2157,0.4,0.064554,0.000001
580,3.2157,0.5,0.071490,0.000001
581,3.2157,0.6,0.078898,0.000002
582,3.2157,0.7,0.086783,0.000002
583,3.2157,0.8,0.095144,0.000003
584,3.2157,0.9,0.103980,0.000004
585,3.2157,1,0.113286,0.000005
586,3.2157,1.1,0.123052,0.000006
587,3.2157,1.2,0.133267,0.000008
588,3.2157,1.3,0.143916,0.000010
589,3.2157,1.4,0.154981,0.000012
590,3.2157,1.5,0.166440,0.000014
591,3.2157,1.6,0.178271,0.000017
592,3.2157,1.7,0.190447,0.000020
593,3.2157,1.8,0.202941,0.000024
594,3.2157,1.9,0.215723,0.000027
595,3.2157,2,0.228762,0.000031
596,3.2157,2.1,0.242028,0.000036
597,3.2157,2.2,0.255489,0.000040
598,3.2157,2.3,0.269112,0.000045
599,3.2157,2.4,0.282868,0.000050
600,3.2157,2.5,0.296724,0.000055
601,3.2157,2.6,0.310653,0.000061
602,3.2157,2.7,0.324625,0.000066
603,3.2157,2.8,0.338615,0.000071
604,3.2157,2.9,0.352597,0.000077
605,3.2157,3,0.366547,0.000082
606,3.2157,3.1,0.380446,0.000088
607,3.2157,3.2,0.394272,0.000093
608,3.2157,3.3,0.408007,0.000098
609,3.2157,3.4,0.421637,0.000103
610,3.2157,3.5,0.435144,0.000108
611,3.2157,3.6,0.448517,0.000112
612,3.2157,3.7,0.461741,0.000116
613,3.2157,3.8,0.474805,0.000121
614,3.2157,3.9,0.487699,0.000124
615,3.2157,4,0.500410,0.000128
616,3.6212,0,0.041251,0.000000
617,3.6212,0.1,0.046366,0.000000
618,3.6212,0.2,0.051911,0.000001
619,3.6212,0.3,0.057899,0.000001
620,3.6212,0.4,0.064341,0.000001
621,3.6212,0.5,0.071246,0.000002
622,3.6212,0.6,0.078620,0.000003
623,3.6212,0.7,0.086469,0.000003
624,3.6212,0.8,0.094793,0.000004
625,3.6212,0.9,0.103589,0.000006
626,3.6212,1,0.112853,0.000007
627,3.6212,1.1,0.122576,0.000009
628,3.6212,1.2,0.132746,0.000012
629,3.6212,1.3,0.143348,0.000014
630,3.6212,1.4,0.154366,0.000018
631,3.6212,1.5,0.165777,0.000021
632,3.6212,1.6,0.177559,0.000025
633,3.6212,1.7,0.189685,0.000030
634,3.6212,1.8,0.202129,0.000035
635,3.6212,1.9,0.214861,0.000040
636,3.6212,2,0.227851,0.000046
637,3.6212,2.1,0.241067,0.000052
638,3.6212,2.2,0.254479,0.000059
639,3.6212,2.3,0.268054,0.000066
640,3.6212,2.4,0.281762,0.000074
641,3.6212,2.5,0.295573,0.000081
642,3.6212,2.6,0.309456,0.000089
643,3.6212,2.7,0.323385,0.000097
644,3.6212,2.8,0.337332,0.000105
645,3.6212,2.9,0.351273,0.000113
646,3.6212,3,0.365184,0.000121
647,3.6212,3.1,0.379044,0.000129
648,3.6212,3.2,0.392834,0.000137
649,3.6212,3.3,0.406536,0.000144
650,3.6212,3.4,0.420132,0.000152
651,3.6212,3.5,0.433609,0.000159
652,3.6212,3.6,0.446952,0.000166
653,3.6212,3.7,0.460148,0.000172
654,3.6212,3.8,0.473187,0.000178
655,3.6212,3.9,0.486056,0.000184
656,3.6212,4,0.498745,0.000189
657,4.3143,0,0.041137,0.000001
658,4.3143,0.1,0.046231,0.000001
659,4.3143,0.2,0.051752,0.000001
660,4.3143,0.3,0.057715,0.000002
661,4.3143,0.4,0.064129,0.000003
662,4.3143,0.5,0.071005,0.000004
663,4.3143,0.6,0.078349,0.000005
664,4.3143,0.7,0.086165,0.000007
665,4.3143,0.8,0.094455,0.000009
666,4.3143,0.9,0.103215,0.000011
667,4.3143,1,0.112442,0.000014
668,4.3143,1.1,0.122127,0.000018
669,4.3143,1.2,0.132257,0.000022
670,4.3143,1.3,0.142820,0.000028
671,4.3143,1.4,0.153795,0.000034
672,4.3143,1.5,0.165164,0.000040
673,4.3143,1.6,0.176903,0.000048
674,4.3143,1.7,0.188985,0.000057
675,4.3143,1.8,0.201385,0.000066
676,4.3143,1.9,0.214073,0.000077
677,4.3143,2,0.227018,0.000088
678,4.3143,2.1,0.240189,0.000100
679,4.3143,2.2,0.253556,0.000113
680,4.3143,2.3,0.267087,0.000127
681,4.3143,2.4,0.280750,0.000141
682,4.3143,2.5,0.294517,0.000156
683,4.3143,2.6,0.308357,0.000171
684,4.3143,2.7,0.322243,0.000186
685,4.3143,2.8,0.336148,0.000201
686,4.3143,2.9,0.350048,0.000217
687,4.3143,3,0.363919,0.000232
688,4.3143,3.1,0.377740,0.000247
689,4.3143,3.2,0.391492,0.000262
690,4.3143,3.3,0.405157,0.000277
691,4.3143,3.4,0.418718,0.000291
692,4.3143,3.5,0.432161,0.000304
693,4.3143,3.6,0.445471,0.000317
694,4.3143,3.7,0.458637,0.000330
695,4.3143,3.8,0.471645,0.000341
696,4.3143,3.9,0.484486,0.000352
697,4.3143,4,0.497148,0.000362
698,4.4197,0,0.041125,0.000001
699,4.4197,0.1,0.046217,0.000001
700,4.4197,0.2,0.051736,0.000001
701,4.4197,0.3,0.057696,0.000002
702,4.4197,0.4,0.064108,0.000003
703,4.4197,0.5,0.070981,0.000004
704,4.4197,0.6,0.078323,0.000005
705,4.4197,0.7,0.086136,0.000007
706,4.4197,0.8,0.094422,0.000009
707,4.4197,0.9,0.103180,0.000012
708,4.4197,1,0.112403,0.000016
709,4.4197,1.1,0.122085,0.000020
710,4.4197,1.2,0.132212,0.000025
711,4.4197,1.3,0.142771,0.000030
712,4.4197,1.4,0.153743,0.000037
713,4.4197,1.5,0.165108,0.000045
714,4.4197,1.6,0.176842,0.000053
715,4.4197,1.7,0.188921,0.000063
716,4.4197,1.8,0.201317,0.000073
717,4.4197,1.9,0.214001,0.000085
718,4.4197,2,0.226942,0.000097
719,4.4197,2.1,0.240109,0.000111
720,4.4197,2.2,0.253472,0.000125
721,4.4197,2.3,0.266998,0.000140
722,4.4197,2.4,0.280658,0.000155
723,4.4197,2.5,0.294420,0.000171
724,4.4197,2.6,0.308256,0.000188
725,4.4197,2.7,0.322137,0.000205
726,4.4197,2.8,0.336038,0.000222
727,4.4197,2.9,0.349934,0.000239
728,4.4197,3,0.363801,0.000256
729,4.4197,3.1,0.377618,0.000272
730,4.4197,3.2,0.391366,0.000289
731,4.4197,3.3,0.405027,0.000305
732,4.4197,3.4,0.418585,0.000320
733,4.4197,3.5,0.432024,0.000335
734,4.4197,3.6,0.445331,0.000350
735,4.4197,3.7,0.458493,0.000363
736,4.4197,3.8,0.471499,0.000376
737,4.4197,3.9,0.484336,0.000388
738,4.4197,4,0.496995,0.000399
739,4.5374,0,0.041114,0.000001
740,4.5374,0.1,0.046204,0.000001
741,4.5374,0.2,0.051720,0.000002
742,4.5374,0.3,0.057678,0.000002
743,4.5374,0.4,0.064087,0.000003
744,4.5374,0.5,0.070958,0.000004
745,4.5374,0.6,0.078297,0.000006
746,4.5374,0.7,0.086107,0.000008
747,4.5374,0.8,0.094391,0.000011
748,4.5374,0.9,0.103145,0.000014
749,4.5374,1,0.112366,0.000017
750,4.5374,1.1,0.122044,0.000022
751,4.5374,1.2,0.132167,0.000027
752,4.5374,1.3,0.142723,0.000034
753,4.5374,1.4,0.153691,0.000041
754,4.5374,1.5,0.165053,0.000050
755,4.5374,1.6,0.176784,0.000059
756,4.5374,1.7,0.188859,0.000070
757,4.5374,1.8,0.201251,0.000081
758,4.5374,1.9,0.213930,0.000094
759,4.5374,2,0.226867,0.000108
760,4.5374,2.1,0.240030,0.000123
761,4.5374,2.2,0.253389,0.000139
762,4.5374,2.3,0.266911,0.000156
763,4.5374,2.4,0.280566,0.000173
764,4.5374,2.5,0.294324,0.000191
765,4.5374,2.6,0.308155,0.000209
766,4.5374,2.7,0.322032,0.000228
767,4.5374,2.8,0.335929,0.000247
768,4.5374,2.9,0.349820,0.000266
769,4.5374,3,0.363682,0.000285
770,4.5374,3.1,0.377496,0.000303
771,4.5374,3.2,0.391240,0.000322
772,4.5374,3.3,0.404896,0.000340
773,4.5374,3.4,0.418450,0.000357
774,4.5374,3.5,0.431885,0.000374
775,4.5374,3.6,0.445189,0.000389
776,4.5374,3.7,0.458347,0.000405
777,4.5374,3.8,0.471349,0.000419
778,4.5374,3.9,0.484184,0.000432
779,4.5374,4,0.496839,0.000445
780,4.671,0,0.041102,0.000001
781,4.671,0.1,0.046190,0.000001
782,4.671,0.2,0.051705,0.000002
783,4.671,0.3,0.057660,0.000003
784,4.671,0.4,0.064067,0.000004
785,4.671,0.5,0.070935,0.000005
786,4.671,0.6,0.078271,0.000007
787,4.671,0.7,0.086079,0.000009
788,4.671,0.8,0.094360,0.000012
789,4.671,0.9,0.103111,0.000015
790,4.671,1,0.112329,0.000020
791,4.671,1.1,0.122003,0.000025
792,4.671,1.2,0.132124,0.000031
793,4.671,1.3,0.142676,0.000038
794,4.671,1.4,0.153641,0.000047
795,4.671,1.5,0.164999,0.000056
796,4.671,1.6,0.176726,0.000067
797,4.671,1.7,0.188797,0.000079
798,4.671,1.8,0.201185,0.000092
799,4.671,1.9,0.213860,0.000107
800,4.671,2,0.226792,0.000122
801,4.671,2.1,0.239951,0.000139
802,4.671,2.2,0.253305,0.000157
803,4.671,2.3,0.266823,0.000176
804,4.671,2.4,0.280473,0.000195
805,4.671,2.5,0.294226,0.000215
806,4.671,2.6,0.308052,0.000236
807,4.671,2.7,0.321924,0.000257
808,4.671,2.8,0.335816,0.000279
809,4.671,2.9,0.349702,0.000300
810,4.671,3,0.363560,0.000321
811,4.671,3.1,0.377369,0.000342
812,4.671,3.2,0.391108,0.000363
813,4.671,3.3,0.404760,0.000383
814,4.671,3.4,0.418310,0.000403
815,4.671,3.5,0.431741,0.000422
816,4.671,3.6,0.445040,0.000440
817,4.671,3.7,0.458194,0.000457
818,4.671,3.8,0.471193,0.000473
819,4.671,3.9,0.484023,0.000488
820,4.671,4,0.496675,0.000502
821,4.8251,0,0.041091,0.000001
822,4.8251,0.1,0.046177,0.000001
823,4.8251,0.2,0.051690,0.000002
824,4.8251,0.3,0.057643,0.000003
825,4.8251,0.4,0.064048,0.000004
826,4.8251,0.5,0.070913,0.000006
827,4.8251,0.6,0.078247,0.000008
828,4.8251,0.7,0.086052,0.000010
829,4.8251,0.8,0.094330,0.000014
830,4.8251,0.9,0.103079,0.000018
831,4.8251,1,0.112293,0.000023
832,4.8251,1.1,0.121965,0.000029
833,4.8251,1.2,0.132082,0.000036
834,4.8251,1.3,0.142631,0.000044
835,4.8251,1.4,0.153592,0.000054
836,4.8251,1.5,0.164946,0.000064
837,4.8251,1.6,0.176669,0.000077
838,4.8251,1.7,0.188736,0.000091
839,4.8251,1.8,0.201119,0.000106
840,4.8251,1.9,0.213789,0.000122
841,4.8251,2,0.226717,0.000140
842,4.8251,2.1,0.239870,0.000160
843,4.8251,2.2,0.253219,0.000180
844,4.8251,2.3,0.266731,0.000202
845,4.8251,2.4,0.280375,0.000224
846,4.8251,2.5,0.294123,0.000247
847,4.8251,2.6,0.307943,0.000271
848,4.8251,2.7,0.321809,0.000296
849,4.8251,2.8,0.335695,0.000320
850,4.8251,2.9,0.349576,0.000345
851,4.8251,3,0.363428,0.000369
852,4.8251,3.1,0.377230,0.000393
853,4.8251,3.2,0.390964,0.000417
854,4.8251,3.3,0.404611,0.000440
855,4.8251,3.4,0.418155,0.000463
856,4.8251,3.5,0.431580,0.000484
857,4.8251,3.6,0.444875,0.000505
858,4.8251,3.7,0.458024,0.000525
859,4.8251,3.8,0.471018,0.000543
860,4.8251,3.9,0.483844,0.000561
861,4.8251,4,0.496491,0.000577
862,5.0075,0,0.041081,0.000001
863,5.0075,0.1,0.046165,0.000002
864,5.0075,0.2,0.051676,0.000003
865,5.0075,0.3,0.057627,0.000004
866,5.0075,0.4,0.064030,0.000005
867,5.0075,0.5,0.070894,0.000007
868,5.0075,0.6,0.078225,0.000009
869,5.0075,0.7,0.086028,0.000012
870,5.0075,0.8,0.094303,0.000016
871,5.0075,0.9,0.103049,0.000021
872,5.0075,1,0.112260,0.000027
873,5.0075,1.1,0.121928,0.000034
874,5.0075,1.2,0.132042,0.000042
875,5.0075,1.3,0.142586,0.000052
876,5.0075,1.4,0.153544,0.000063
877,5.0075,1.5,0.164893,0.000076
878,5.0075,1.6,0.176611,0.000091
879,5.0075,1.7,0.188672,0.000107
880,5.0075,1.8,0.201050,0.000125
881,5.0075,1.9,0.213714,0.000144
882,5.0075,2,0.226635,0.000165
883,5.0075,2.1,0.239782,0.000188
884,5.0075,2.2,0.253124,0.000212
885,5.0075,2.3,0.266628,0.000237
886,5.0075,2.4,0.280265,0.000264
887,5.0075,2.5,0.294005,0.000291
888,5.0075,2.6,0.307817,0.000319
889,5.0075,2.7,0.321676,0.000348
890,5.0075,2.8,0.335553,0.000377
891,5.0075,2.9,0.349426,0.000405
892,5.0075,3,0.363270,0.000434
893,5.0075,3.1,0.377064,0.000463
894,5.0075,3.2,0.390790,0.000491
895,5.0075,3.3,0.404429,0.000518
896,5.0075,3.4,0.417966,0.000544
897,5.0075,3.5,0.431384,0.000570
898,5.0075,3.6,0.444671,0.000594
899,5.0075,3.7,0.457814,0.000617
900,5.0075,3.8,0.470801,0.000639
901,5.0075,3.9,0.483621,0.000660
902,5.0075,4,0.496262,0.000679
903,5.2306,0,0.041073,0.000001
904,5.2306,0.1,0.046156,0.000002
905,5.2306,0.2,0.051665,0.000003
906,5.2306,0.3,0.057615,0.000004
907,5.2306,0.4,0.064016,0.000006
908,5.2306,0.5,0.070878,0.000008
909,5.2306,0.6,0.078207,0.000011
910,5.2306,0.7,0.086007,0.000015
911,5.2306,0.8,0.094280,0.000020
912,5.2306,0.9,0.103023,0.000026
913,5.2306,1,0.112231,0.000033
914,5.2306,1.1,0.121895,0.000041
915,5.2306,1.2,0.132004,0.000052
916,5.2306,1.3,0.142543,0.000063
917,5.2306,1.4,0.153495,0.000077
918,5.2306,1.5,0.164838,0.000093
919,5.2306,1.6,0.176549,0.000110
920,5.2306,1.7,0.188603,0.000130
921,5.2306,1.8,0.200972,0.000152
922,5.2306,1.9,0.213627,0.000176
923,5.2306,2,0.226539,0.000202
924,5.2306,2.1,0.239675,0.000229
925,5.2306,2.2,0.253006,0.000258
926,5.2306,2.3,0.266499,0.000289
927,5.2306,2.4,0.280125,0.000321
928,5.2306,2.5,0.293852,0.000354
929,5.2306,2.6,0.307652,0.000389
930,5.2306,2.7,0.321498,0.000423
931,5.2306,2.8,0.335363,0.000458
932,5.2306,2.9,0.349222,0.000493
933,5.2306,3,0.363054,0.000528
934,5.2306,3.1,0.376836,0.000563
935,5.2306,3.2,0.390549,0.000597
936,5.2306,3.3,0.404176,0.000630
937,5.2306,3.4,0.417700,0.000662
938,5.2306,3.5,0.431107,0.000693
939,5.2306,3.6,0.444383,0.000723
940,5.2306,3.7,0.457515,0.000751
941,5.2306,3.8,0.470492,0.000778
942,5.2306,3.9,0.483301,0.000803
943,5.2306,4,0.495932,0.000827
944,5.5183,0,0.041070,0.000002
945,5.5183,0.1,0.046153,0.000003
946,5.5183,0.2,0.051662,0.000004
947,5.5183,0.3,0.057611,0.000006
948,5.5183,0.4,0.064011,0.000008
949,5.5183,0.5,0.070871,0.000011
950,5.5183,0.6,0.078199,0.000015
951,5.5183,0.7,0.085997,0.000020
952,5.5183,0.8,0.094266,0.000026
953,5.5183,0.9,0.103005,0.000033
954,5.5183,1,0.112209,0.000043
955,5.5183,1.1,0.121867,0.000054
956,5.5183,1.2,0.131970,0.000067
957,5.5183,1.3,0.142501,0.000082
958,5.5183,1.4,0.153443,0.000100
959,5.5183,1.5,0.164775,0.000120
960,5.5183,1.6,0.176474,0.000142
961,5.5183,1.7,0.188515,0.000168
962,5.5183,1.8,0.200869,0.000196
963,5.5183,1.9,0.213508,0.000226
964,5.5183,2,0.226403,0.000259
965,5.5183,2.1,0.239521,0.000295
966,5.5183,2.2,0.252832,0.000332
967,5.5183,2.3,0.266304,0.000372
968,5.5183,2.4,0.279908,0.000413
969,5.5183,2.5,0.293613,0.000455
970,5.5183,2.6,0.307391,0.000499
971,5.5183,2.7,0.321213,0.000543
972,5.5183,2.8,0.335055,0.000588
973,5.5183,2.9,0.348890,0.000633
974,5.5183,3,0.362698,0.000678
975,5.5183,3.1,0.376457,0.000722
976,5.5183,3.2,0.390147,0.000766
977,5.5183,3.3,0.403751,0.000809
978,5.5183,3.4,0.417253,0.000850
979,5.5183,3.5,0.430638,0.000890
980,5.5183,3.6,0.443892,0.000928
981,5.5183,3.7,0.457004,0.000965
982,5.5183,3.8,0.469960,0.000999
983,5.5183,3.9,0.482750,0.001032
984,5.5183,4,0.495362,0.001062
985,5.9237,0,0.041082,0.000003
986,5.9237,0.1,0.046166,0.000004
987,5.9237,0.2,0.051677,0.000006
988,5.9237,0.3,0.057628,0.000008
989,5.9237,0.4,0.064029,0.000012
990,5.9237,0.5,0.070889,0.000016
991,5.9237,0.6,0.078215,0.000021
992,5.9237,0.7,0.086011,0.000028
993,5.9237,0.8,0.094276,0.000037
994,5.9237,0.9,0.103009,0.000048
995,5.9237,1,0.112204,0.000061
996,5.9237,1.1,0.121852,0.000077
997,5.9237,1.2,0.131941,0.000095
998,5.9237,1.3,0.142456,0.000117
999,5.9237,1.4,0.153379,0.000142
1000,5.9237,1.5,0.164689,0.000171
1001,5.9237,1.6,0.176362,0.000203
1002,5.9237,1.7,0.188374,0.000239
1003,5.9237,1.8,0.200697,0.000278
1004,5.9237,1.9,0.213301,0.000321
1005,5.9237,2,0.226157,0.000368
1006,5.9237,2.1,0.239235,0.000418
1007,5.9237,2.2,0.252503,0.000471
1008,5.9237,2.3,0.265931,0.000526
1009,5.9237,2.4,0.279488,0.000584
1010,5.9237,2.5,0.293144,0.000644
1011,5.9237,2.6,0.306872,0.000706
1012,5.9237,2.7,0.320643,0.000768
1013,5.9237,2.8,0.334433,0.000832
1014,5.9237,2.9,0.348217,0.000895
1015,5.9237,3,0.361973,0.000959
1016,5.9237,3.1,0.375679,0.001021
1017,5.9237,3.2,0.389318,0.001083
1018,5.9237,3.3,0.402872,0.001143
1019,5.9237,3.4,0.416324,0.001202
1020,5.9237,3.5,0.429660,0.001258
1021,5.9237,3.6,0.442868,0.001312
1022,5.9237,3.7,0.455933,0.001364
1023,5.9237,3.8,0.468845,0.001413
1024,5.9237,3.9,0.481592,0.001460
1025,5.9237,4,0.494163,0.001503
1026,6.6169,0,0.041147,0.000005
1027,6.6169,0.1,0.046242,0.000008
1028,6.6169,0.2,0.051762,0.000011
1029,6.6169,0.3,0.057721,0.000016
1030,6.6169,0.4,0.064130,0.000022
1031,6.6169,0.5,0.070995,0.000030
1032,6.6169,0.6,0.078322,0.000040
1033,6.6169,0.7,0.086115,0.000053
1034,6.6169,0.8,0.094373,0.000069
1035,6.6169,0.9,0.103092,0.000089
1036,6.6169,1,0.112267,0.000113
1037,6.6169,1.1,0.121888,0.000142
1038,6.6169,1.2,0.131943,0.000176
1039,6.6169,1.3,0.142415,0.000215
1040,6.6169,1.4,0.153287,0.000261
1041,6.6169,1.5,0.164536,0.000312
1042,6.6169,1.6,0.176141,0.000370
1043,6.6169,1.7,0.188076,0.000435
1044,6.6169,1.8,0.200312,0.000506
1045,6.6169,1.9,0.212823,0.000583
1046,6.6169,2,0.225577,0.000666
1047,6.6169,2.1,0.238546,0.000756
1048,6.6169,2.2,0.251700,0.000850
1049,6.6169,2.3,0.265007,0.000949
1050,6.6169,2.4,0.278439,0.001053
1051,6.6169,2.5,0.291966,0.001159
1052,6.6169,2.6,0.305562,0.001269
1053,6.6169,2.7,0.319199,0.001380
1054,6.6169,2.8,0.332853,0.001493
1055,6.6169,2.9,0.346501,0.001606
1056,6.6169,3,0.360121,0.001719
1057,6.6169,3.1,0.373692,0.001831
1058,6.6169,3.2,0.387197,0.001942
1059,6.6169,3.3,0.400618,0.002050
1060,6.6169,3.4,0.413941,0.002155
1061,6.6169,3.5,0.427150,0.002256
1062,6.6169,3.6,0.440234,0.002354
1063,6.6169,3.7,0.453179,0.002448
1064,6.6169,3.8,0.465975,0.002537
1065,6.6169,3.9,0.478610,0.002621
1066,6.6169,4,0.491074,0.002699
